{
  "version": 1,
  "author": "RPP-TEAC_2025",
  "editor": "wokwi",
  "parts": [
    { "type": "wokwi-arduino-uno", "id": "uno", "top": 355.8, "left": 460.2, "attrs": {} },
    {
      "type": "wokwi-led",
      "id": "car1_r",
      "top": 188.4,
      "left": -82.6,
      "attrs": { "color": "red", "label": "Carros 1/3 V" }
    },
    {
      "type": "wokwi-led",
      "id": "car1_y",
      "top": 188.4,
      "left": -111.4,
      "attrs": { "color": "yellow", "label": "Carros 1/3 A" }
    },
    {
      "type": "wokwi-led",
      "id": "car1_g",
      "top": 189.6,
      "left": -140.2,
      "attrs": { "color": "green", "label": "Carros 1/3 G" }
    },
    {
      "type": "wokwi-led",
      "id": "car2_r",
      "top": -77.2,
      "left": 167.6,
      "attrs": { "color": "red", "label": "Carros 2/4 V" }
    },
    {
      "type": "wokwi-led",
      "id": "car2_y",
      "top": -43.2,
      "left": 167,
      "attrs": { "color": "yellow", "label": "Carros 2/4 A" }
    },
    {
      "type": "wokwi-led",
      "id": "car2_g",
      "top": -13.2,
      "left": 167,
      "attrs": { "color": "green", "label": "Carros 2/4 G" }
    },
    {
      "type": "wokwi-led",
      "id": "ped1_r",
      "top": 284.4,
      "left": -169,
      "attrs": { "color": "red", "label": "Peões 1-2 V" }
    },
    {
      "type": "wokwi-led",
      "id": "ped1_g",
      "top": 284.4,
      "left": -197.8,
      "attrs": { "color": "green", "label": "Peões 1-2 G" }
    },
    {
      "type": "wokwi-led",
      "id": "ped2_r",
      "top": 92.4,
      "left": 99.8,
      "attrs": { "color": "red", "label": "Peões 3-4 V" }
    },
    {
      "type": "wokwi-led",
      "id": "ped2_g",
      "top": 130.8,
      "left": 99.8,
      "attrs": { "color": "green", "label": "Peões 3-4 G" }
    },
    {
      "type": "wokwi-led",
      "id": "ped3_r",
      "top": 140.4,
      "left": -169,
      "attrs": { "color": "red", "label": "Peões 5-6 V" }
    },
    {
      "type": "wokwi-led",
      "id": "ped3_g",
      "top": 140.4,
      "left": -197.8,
      "attrs": { "color": "green", "label": "Peões 5-6 G" }
    },
    {
      "type": "wokwi-led",
      "id": "ped4_r",
      "top": 82.8,
      "left": 234.2,
      "attrs": { "color": "red", "label": "Peões 7-8 V" }
    },
    {
      "type": "wokwi-led",
      "id": "ped4_g",
      "top": 121.2,
      "left": 234.2,
      "attrs": { "color": "green", "label": "Peões 7-8 G" }
    },
    {
      "type": "wokwi-led",
      "id": "car3_r",
      "top": 188.4,
      "left": 416.6,
      "attrs": { "color": "red", "label": "Carros 1/3 V espelho" }
    },
    {
      "type": "wokwi-led",
      "id": "car3_y",
      "top": 188.4,
      "left": 445.4,
      "attrs": { "color": "yellow", "label": "Carros 1/3 A espelho" }
    },
    {
      "type": "wokwi-led",
      "id": "car3_g",
      "top": 188.4,
      "left": 474.2,
      "attrs": { "color": "green", "label": "Carros 1/3 G espelho" }
    },
    {
      "type": "wokwi-led",
      "id": "car4_r",
      "top": 253.2,
      "left": 167,
      "attrs": { "color": "red", "label": "Carros 2/4 V espelho" }
    },
    {
      "type": "wokwi-led",
      "id": "car4_y",
      "top": 283.2,
      "left": 167,
      "attrs": { "color": "yellow", "label": "Carros 2/4 A espelho" }
    },
    {
      "type": "wokwi-led",
      "id": "car4_g",
      "top": 313.2,
      "left": 167,
      "attrs": { "color": "green", "label": "Carros 2/4 G espelho" }
    },
    {
      "type": "wokwi-led",
      "id": "ped3_r1",
      "top": 140.4,
      "left": 503,
      "attrs": { "color": "red", "label": "Peões 5-6 V" }
    },
    {
      "type": "wokwi-led",
      "id": "ped3_g1",
      "top": 140.4,
      "left": 531.8,
      "attrs": { "color": "green", "label": "Peões 5-6 G" }
    },
    {
      "type": "wokwi-led",
      "id": "ped3_r2",
      "top": 236.4,
      "left": 503,
      "attrs": { "color": "red", "label": "Peões 5-6 V" }
    },
    {
      "type": "wokwi-led",
      "id": "ped3_g2",
      "top": 236.4,
      "left": 531.8,
      "attrs": { "color": "green", "label": "Peões 5-6 G" }
    },
    {
      "type": "wokwi-led",
      "id": "ped2_r2",
      "top": 380.4,
      "left": 80.6,
      "attrs": { "color": "red", "label": "Peões 3-4 V" }
    },
    {
      "type": "wokwi-led",
      "id": "ped2_g2",
      "top": 428.4,
      "left": 80.6,
      "attrs": { "color": "green", "label": "Peões 3-4 G" }
    },
    {
      "type": "wokwi-led",
      "id": "ped2_r4",
      "top": 380.4,
      "left": 272.6,
      "attrs": { "color": "red", "label": "Peões 3-4 V" }
    },
    {
      "type": "wokwi-led",
      "id": "ped2_g4",
      "top": 438,
      "left": 272.6,
      "attrs": { "color": "green", "label": "Peões 3-4 G" }
    }
  ],
  "connections": [
    [ "uno:7", "car1_g:A", "green", [] ],
    [ "uno:6", "car1_y:A", "yellow", [] ],
    [ "uno:5", "car1_r:A", "red", [] ],
    [ "uno:10", "car2_g:A", "green", [] ],
    [ "uno:9", "car2_y:A", "yellow", [] ],
    [ "uno:8", "car2_r:A", "red", [] ],
    [ "uno:7", "car3_g:A", "green", [] ],
    [ "uno:6", "car3_y:A", "yellow", [] ],
    [ "uno:5", "car3_r:A", "red", [] ],
    [ "uno:10", "car4_g:A", "green", [] ],
    [ "uno:9", "car4_y:A", "yellow", [] ],
    [ "uno:8", "car4_r:A", "red", [] ],
    [ "uno:12", "ped1_g:A", "green", [] ],
    [ "uno:11", "ped1_r:A", "red", [] ],
    [ "uno:14", "ped2_g:A", "green", [] ],
    [ "uno:13", "ped2_r:A", "red", [] ],
    [ "uno:12", "ped3_g:A", "green", [] ],
    [ "uno:11", "ped3_r:A", "red", [] ],
    [ "uno:14", "ped4_g:A", "green", [] ],
    [ "uno:13", "ped4_r:A", "red", [] ],
    [ "car1_r:C", "uno:GND.1", "black", [] ],
    [ "car1_y:C", "uno:GND.1", "black", [] ],
    [ "car1_g:C", "uno:GND.1", "black", [] ],
    [ "car2_r:C", "uno:GND.1", "black", [] ],
    [ "car2_y:C", "uno:GND.1", "black", [] ],
    [ "car2_g:C", "uno:GND.1", "black", [] ],
    [ "car3_r:C", "uno:GND.1", "black", [] ],
    [ "car3_y:C", "uno:GND.1", "black", [] ],
    [ "car3_g:C", "uno:GND.1", "black", [] ],
    [ "car4_r:C", "uno:GND.1", "black", [] ],
    [ "car4_y:C", "uno:GND.1", "black", [] ],
    [ "car4_g:C", "uno:GND.1", "black", [] ],
    [ "ped1_r:C", "uno:GND.1", "black", [] ],
    [ "ped1_g:C", "uno:GND.1", "black", [] ],
    [ "ped2_r:C", "uno:GND.1", "black", [] ],
    [ "ped2_g:C", "uno:GND.1", "black", [] ],
    [ "ped3_r:C", "uno:GND.1", "black", [] ],
    [ "ped3_g:C", "uno:GND.1", "black", [] ],
    [ "ped4_r:C", "uno:GND.1", "black", [] ],
    [ "ped4_g:C", "uno:GND.1", "black", [] ],
    [ "ped3_r1:A", "ped3_r:A", "red", [ "v0" ] ],
    [ "ped3_r1:C", "uno:GND.1", "black", [ "v0", "h-258.8" ] ],
    [ "ped3_r1:A", "ped3_r2:A", "red", [ "v0", "h9.6" ] ],
    [ "ped3_r2:C", "uno:GND.1", "black", [ "v9.6", "h-268.4" ] ],
    [ "ped3_g1:A", "ped3_g:A", "red", [ "v0" ] ],
    [ "ped3_g2:A", "ped1_g:A", "red", [ "v0" ] ],
    [ "ped3_g2:C", "ped1_g:C", "black", [ "v0" ] ],
    [ "ped3_g1:C", "ped3_g:C", "black", [ "v0" ] ],
    [ "ped2_r4:A", "ped4_r:A", "red", [ "v-297.6", "h-9.6" ] ],
    [ "ped2_r2:A", "ped2_r:A", "red", [ "v0" ] ],
    [ "ped2_r2:C", "ped2_r:C", "black", [ "v-278.4", "h10" ] ],
    [ "ped2_r4:C", "ped4_r:C", "black", [ "v0" ] ],
    [ "ped2_g4:A", "uno:8", "red", [ "v0" ] ],
    [ "ped2_g2:A", "uno:8", "red", [ "v0" ] ],
    [ "ped2_g2:C", "uno:GND.1", "black", [ "v0" ] ],
    [ "ped2_g4:C", "uno:GND.1", "black", [ "v0" ] ],
    [ "ped4_g:A", "ped2_g4:A", "red", [ "v0" ] ],
    [ "ped2_g:A", "ped2_g2:A", "red", [ "v0" ] ]
  ],
  "dependencies": {}
}